{"cameraMode":{"drawMode":0,"name":"Shaded","section":"Shading Mode"},"sceneLighting":true,"audioPlay":false,"sceneViewState":{"showFog":true,"showMaterialUpdate":true,"showSkybox":true,"showFlares":true,"showImageEffects":true,"showParticleSystems":true},"in2DMode":false,"pivot":{"x":-4.1551833152771,"y":-5.3844499588012699,"z":-7.175787925720215},"rotation":{"x":-0.37320956587791445,"y":-0.038395956158638,"z":0.01545716542750597,"w":-0.9268284440040588},"size":4.0416579246521,"orthographic":false}