{"cameraMode":{"drawMode":0,"name":"Shaded","section":"Shading Mode"},"sceneLighting":true,"audioPlay":false,"sceneViewState":{"showFog":true,"showMaterialUpdate":true,"showSkybox":true,"showFlares":true,"showImageEffects":true,"showParticleSystems":true},"in2DMode":false,"pivot":{"x":0.0874929428100586,"y":-93.10526275634766,"z":-0.29411542415618899},"rotation":{"x":-0.2199350893497467,"y":0.3280116021633148,"z":-0.07881458848714829,"w":-0.9153305888175964},"size":2.8578836917877199,"orthographic":false}